name,description
Milestone 1 - Project Initiation,Defines the official start of the project and confirms team setup and responsibilities.
Milestone 2 - Requirements Defined,All business and technical requirements are reviewed, documented, and approved.
Milestone 3 - Design Approved,System and UI designs are finalized and validated with stakeholders.
Milestone 4 - Prototype Completed,A working prototype is delivered for early validation and user feedback.
Milestone 5 - Development Complete,Core functionalities have been implemented and are ready for testing.
Milestone 6 - Integration Tested,Integration between all modules and systems has been successfully tested.
Milestone 7 - User Acceptance Test,End users have validated that the solution meets business needs.
Milestone 8 - Go-Live Preparation,All go-live checklists and deployment activities are completed.
Milestone 9 - Go-Live,The system is officially deployed into production and made available to users.
Milestone 10 - Project Closure,All documentation and lessons learned are finalized and project is formally closed.